{"root":[{"assemblyName":"QFramework.CoreKit","nameSpace":"QFramework","className":"DeprecateActionKit","methodName":"InitNodeSystem","loadTypes":0,"isUnityClass":false},{"assemblyName":"QFramework.CoreKit","nameSpace":"QFramework","className":"LocaleKit","methodName":"AutoInit","loadTypes":1,"isUnityClass":false},{"assemblyName":"QFramework","nameSpace":"QFramework","className":"ComparerAutoRegister","methodName":"AutoRegister","loadTypes":1,"isUnityClass":false},{"assemblyName":"SupportOldQF","nameSpace":"QFramework","className":"AudioKitWithResKitInit","methodName":"Init","loadTypes":1,"isUnityClass":false},{"assemblyName":"SupportOldQF","nameSpace":"QFramework","className":"UIKitWithResKitInit","methodName":"Init","loadTypes":1,"isUnityClass":false},{"assemblyName":"UIKit","nameSpace":"QFramework","className":"UIManager","methodName":"RegisterMsgCenter","loadTypes":0,"isUnityClass":false},{"assemblyName":"Unity.2D.Animation.Runtime","nameSpace":"","className":"$BurstDirectCallInitializer","methodName":"Initialize","loadTypes":2,"isUnityClass":true},{"assemblyName":"Unity.2D.SpriteShape.Runtime","nameSpace":"","className":"$BurstDirectCallInitializer","methodName":"Initialize","loadTypes":2,"isUnityClass":true},{"assemblyName":"Unity.Collections","nameSpace":"","className":"$BurstDirectCallInitializer","methodName":"Initialize","loadTypes":2,"isUnityClass":true},{"assemblyName":"Unity.VisualScripting.Core","nameSpace":"Unity.VisualScripting","className":"RuntimeVSUsageUtility","methodName":"RuntimeInitializeOnLoadBeforeSceneLoad","loadTypes":1,"isUnityClass":true}]}
